City_ID,City,Country,Date,Lat,Lng,Max Temp,Humidity,Cloudiness,Wind Speed
0,Sao Filipe,CV,2022-07-31 04:59:44,14.8961,-24.4956,77.27,79,98,7.4
1,Clyde River,CA,2022-07-31 04:59:44,70.4692,-68.5914,35.83,100,100,11.5
2,Hanna,CA,2022-07-31 04:59:45,51.6334,-111.9018,62.85,88,84,4.72
3,Barrow,US,2022-07-31 04:57:53,71.2906,-156.7887,35.62,87,100,10.36
4,Mataura,NZ,2022-07-31 04:56:24,-46.1927,168.8643,48.47,93,99,6.33
5,Sisimiut,GL,2022-07-31 04:59:45,66.9395,-53.6735,44.64,85,67,1.97
6,Richards Bay,ZA,2022-07-31 04:59:46,-28.783,32.0377,63.1,85,53,4.88
7,Torbay,CA,2022-07-31 04:59:46,47.6666,-52.7314,65.57,88,100,16.11
8,Cape Town,ZA,2022-07-31 04:59:47,-33.9258,18.4232,48.11,92,20,1.14
9,Namatanai,PG,2022-07-31 04:59:47,-3.6667,152.4333,83.95,69,78,10.27
10,Norman Wells,CA,2022-07-31 04:59:47,65.282,-126.8329,64.44,52,20,8.05
11,Kilindoni,TZ,2022-07-31 04:59:48,-7.9139,39.6668,75.25,80,8,9.89
12,Yuryev-Polskiy,RU,2022-07-31 04:59:48,56.5,39.6833,61.59,64,99,4.79
13,Puerto Cabezas,NI,2022-07-31 04:59:49,14.0351,-83.3888,77.9,90,100,11.1
14,Qaanaaq,GL,2022-07-31 04:59:49,77.484,-69.3632,39.88,70,17,4.97
15,Vaini,TO,2022-07-31 04:59:49,-21.2,-175.2,77.16,100,40,9.22
16,Kosino,RU,2022-07-31 04:59:50,58.4127,51.2782,69.28,63,51,2.8
17,Port Elizabeth,ZA,2022-07-31 04:59:50,-33.918,25.5701,51.31,85,100,20.71
18,Jamestown,US,2022-07-31 04:59:51,42.097,-79.2353,62.71,67,1,1.01
19,Ushuaia,AR,2022-07-31 04:59:51,-54.8,-68.3,40.66,81,20,23.02
20,Bambous Virieux,MU,2022-07-31 04:55:10,-20.3428,57.7575,72.21,68,40,14.97
21,Albany,US,2022-07-31 04:59:52,42.6001,-73.9662,65.17,87,0,4.16
22,Vitim,RU,2022-07-31 04:59:52,59.4511,112.5578,80.31,49,100,1.5
23,East London,ZA,2022-07-31 04:55:20,-33.0153,27.9116,52.74,62,0,12.66
24,New Norfolk,AU,2022-07-31 04:59:53,-42.7826,147.0587,53.1,76,100,1.99
25,Nikolskoye,RU,2022-07-31 04:59:53,59.7035,30.7861,62.87,72,10,5.75
26,Noumea,NC,2022-07-31 04:57:29,-22.2763,166.4572,72.0,99,100,17.69
27,Khatanga,RU,2022-07-31 04:59:54,71.9667,102.5,53.67,65,99,12.5
28,Oxford,GB,2022-07-31 04:57:38,51.7522,-1.256,67.17,86,97,12.97
29,Arraial Do Cabo,BR,2022-07-31 04:59:54,-22.9661,-42.0278,66.34,68,3,12.71
30,Mackenzie,CA,2022-07-31 04:59:09,55.2999,-123.1698,68.22,94,40,0.0
31,Garowe,SO,2022-07-31 04:59:55,8.4054,48.4845,77.41,55,46,27.27
32,Victoria Point,AU,2022-07-31 04:59:55,-27.5833,153.3,69.26,62,91,3.0
33,Punta Arenas,CL,2022-07-31 04:59:56,-53.15,-70.9167,42.91,61,0,10.36
34,Cap Malheureux,MU,2022-07-31 04:59:56,-19.9842,57.6142,72.46,68,99,11.99
35,Sola,VU,2022-07-31 04:59:57,-13.8833,167.55,80.44,74,99,10.0
36,Hithadhoo,MV,2022-07-31 04:59:57,-0.6,73.0833,80.1,76,100,16.96
37,Xuanwu,CN,2022-07-31 04:59:57,32.069,118.8138,91.35,52,15,6.76
38,Esperance,AU,2022-07-31 04:59:58,-33.8667,121.9,58.53,56,35,16.64
39,Tuktoyaktuk,CA,2022-07-31 04:59:59,69.4541,-133.0374,48.2,66,20,8.05
40,Willmar,US,2022-07-31 04:59:59,45.1219,-95.0433,71.78,60,0,3.44
41,Hasaki,JP,2022-07-31 04:59:59,35.7333,140.8333,104.29,72,2,9.51
42,Rikitea,PF,2022-07-31 05:00:00,-23.1203,-134.9692,72.9,74,12,16.42
43,Hobart,AU,2022-07-31 05:00:00,-42.8794,147.3294,53.46,71,75,10.36
44,Puerto Ayora,EC,2022-07-31 04:56:06,-0.7393,-90.3518,70.56,93,56,8.01
45,Mandalgovi,MN,2022-07-31 05:01:01,45.7625,106.2708,82.15,20,43,7.16
46,Kapaa,US,2022-07-31 05:01:02,22.0752,-159.319,78.48,85,11,3.0
47,Busselton,AU,2022-07-31 05:01:02,-33.65,115.3333,57.16,69,71,11.86
48,Dabhol,IN,2022-07-31 05:01:02,17.6,73.1667,82.44,76,47,8.32
49,Russell,US,2022-07-31 05:01:03,32.3502,-85.1999,76.12,75,67,4.12
50,Trairi,BR,2022-07-31 04:59:53,-3.2778,-39.2689,75.9,87,93,7.45
51,Praia Da Vitoria,PT,2022-07-31 05:01:03,38.7333,-27.0667,69.76,88,1,3.58
52,Mahebourg,MU,2022-07-31 05:01:04,-20.4081,57.7,72.25,78,75,13.8
53,Tura,IN,2022-07-31 05:01:04,25.5198,90.2201,75.9,97,100,5.1
54,Bethel,US,2022-07-31 05:01:05,41.3712,-73.414,71.64,82,0,4.23
55,Kirakira,SB,2022-07-31 05:01:05,-10.4544,161.9205,83.82,71,13,10.87
56,Maumere,ID,2022-07-31 05:01:05,-8.6199,122.2111,83.1,65,41,3.69
57,Carnarvon,AU,2022-07-31 05:01:06,-24.8667,113.6333,72.37,35,38,7.96
58,Faanui,PF,2022-07-31 05:01:06,-16.4833,-151.75,79.21,71,2,22.86
59,Nhulunbuy,AU,2022-07-31 05:01:07,-12.2333,136.7667,84.81,61,40,14.97
60,Quatre Cocos,MU,2022-07-31 05:01:07,-20.2078,57.7625,72.09,73,93,16.15
61,Mancora,PE,2022-07-31 04:59:23,-4.1078,-81.0475,67.75,78,17,6.85
62,Tire,TR,2022-07-31 05:01:08,38.0888,27.7351,80.91,40,0,4.52
63,Coahuayana,MX,2022-07-31 05:01:09,18.7333,-103.6833,78.17,85,99,2.1
64,Bredasdorp,ZA,2022-07-31 05:01:09,-34.5322,20.0403,47.14,82,32,4.21
65,Longyearbyen,SJ,2022-07-31 05:01:09,78.2186,15.6401,46.24,93,75,4.61
66,Atuona,PF,2022-07-31 05:01:10,-9.8,-139.0333,76.69,78,15,13.49
67,Los Llanos De Aridane,ES,2022-07-31 05:01:10,28.6585,-17.9182,69.55,69,75,12.66
68,Corrente,BR,2022-07-31 05:01:11,-3.7367,-43.3394,71.31,99,98,3.62
69,Bogande,BF,2022-07-31 05:01:11,12.9714,-0.1436,79.16,72,65,7.49
70,San Isidro,PE,2022-07-31 05:01:11,-12.1167,-77.05,58.01,86,19,10.04
71,Thompson,CA,2022-07-31 04:56:33,55.7435,-97.8558,48.36,81,20,0.0
72,Vila Franca Do Campo,PT,2022-07-31 05:01:12,37.7167,-25.4333,68.41,85,26,5.26
73,Isangel,VU,2022-07-31 05:01:13,-19.55,169.2667,74.57,82,100,7.05
74,Piracanjuba,BR,2022-07-31 05:01:13,-17.3028,-49.0167,64.56,53,0,4.05
75,Provideniya,RU,2022-07-31 04:57:59,64.3833,-173.3,50.88,75,99,6.11
76,Marsh Harbour,BS,2022-07-31 05:01:14,26.5412,-77.0636,82.92,75,95,15.86
77,Valdivia,CL,2022-07-31 05:00:20,-39.8142,-73.2459,36.66,99,50,2.57
78,Goma,CD,2022-07-31 05:01:14,-1.6792,29.2228,63.12,83,33,2.3
79,Jalu,LY,2022-07-31 05:01:15,29.0331,21.5482,79.95,40,0,7.72
80,The Valley,AI,2022-07-31 05:01:15,18.217,-63.0578,82.81,85,19,20.78
81,Saint-Philippe,RE,2022-07-31 05:01:16,-21.3585,55.7679,73.22,72,39,14.29
82,Kamaishi,JP,2022-07-31 05:01:16,39.2667,141.8833,85.32,63,11,3.4
83,Baloda,IN,2022-07-31 05:01:16,22.15,82.4833,91.31,50,96,7.54
84,Saint George,US,2022-07-31 04:58:17,37.1041,-113.5841,86.79,44,64,2.37
85,Muros,ES,2022-07-31 05:01:17,42.7762,-9.0603,69.1,71,1,12.71
86,Kallifonion,GR,2022-07-31 05:01:18,39.2725,21.9561,79.32,42,0,1.23
87,Cherskiy,RU,2022-07-31 05:01:18,68.75,161.3,68.74,36,19,12.26
88,Kuminskiy,RU,2022-07-31 05:01:18,58.6667,66.5667,71.1,68,81,7.81
89,Saint-Pierre,RE,2022-07-31 05:02:19,-21.3393,55.4781,73.29,58,0,3.44
90,Nanortalik,GL,2022-07-31 05:01:57,60.1432,-45.2371,43.92,89,91,2.01
91,Makakilo City,US,2022-07-31 05:02:20,21.3469,-158.0858,80.56,68,3,17.87
92,Gavrilov Posad,RU,2022-07-31 05:02:20,56.5597,40.1175,62.65,62,98,4.85
93,Kendari,ID,2022-07-31 05:02:21,-3.945,122.4989,75.34,95,100,3.74
94,Bilma,NE,2022-07-31 05:02:21,18.6853,12.9164,85.82,39,61,9.06
95,Bluff,NZ,2022-07-31 05:02:21,-46.6,168.3333,48.79,74,67,13.35
96,Wyndham,US,2022-07-31 05:02:22,37.6985,-77.6125,72.99,91,0,0.0
97,Goderich,CA,2022-07-31 05:01:07,43.7501,-81.7165,65.91,81,4,12.86
98,Arcata,US,2022-07-31 04:58:15,40.8665,-124.0828,61.2,89,56,0.87
99,Katsuura,JP,2022-07-31 05:02:23,35.1333,140.3,86.68,70,2,16.64
100,Simao,CN,2022-07-31 05:02:23,22.7886,100.9748,71.1,91,99,1.41
101,Cabo San Lucas,MX,2022-07-31 05:00:06,22.8909,-109.9124,86.61,61,41,3.0
102,Chapais,CA,2022-07-31 05:02:24,49.7834,-74.8492,62.38,85,99,5.61
103,Krutinka,RU,2022-07-31 05:02:24,56.0055,71.5113,66.63,76,54,8.84
104,Carutapera,BR,2022-07-31 05:02:25,-1.195,-46.02,76.23,91,55,5.86
105,Tilichiki,RU,2022-07-31 05:02:25,60.4667,166.1,53.73,76,99,7.63
106,Vestmannaeyjar,IS,2022-07-31 05:02:25,63.4427,-20.2734,49.64,78,15,15.1
107,Pilar,BR,2022-07-31 05:02:26,-9.5972,-35.9567,75.13,95,85,3.33
108,Dongning,CN,2022-07-31 05:02:26,44.0622,131.1207,84.2,79,99,4.14
109,Matara,LK,2022-07-31 05:02:27,5.9485,80.5353,84.22,70,89,11.79
110,Shingu,JP,2022-07-31 05:02:27,33.7333,135.9833,88.3,62,45,9.04
111,Mut,TR,2022-07-31 05:02:28,36.6439,33.4389,87.48,26,0,4.07
112,Fuerte Olimpo,PY,2022-07-31 05:02:28,-21.0415,-57.8738,60.78,50,0,4.03
113,Junagarh,IN,2022-07-31 05:02:29,19.8667,82.9333,90.45,56,100,5.21
114,Kununurra,AU,2022-07-31 05:02:29,-15.7667,128.7333,89.58,14,19,6.91
115,Te Anau,NZ,2022-07-31 05:02:29,-45.4167,167.7167,40.5,90,62,1.21
116,Groton,US,2022-07-31 05:02:30,41.3501,-72.0784,74.08,60,0,3.44
117,Marawi,PH,2022-07-31 05:02:30,7.9986,124.2928,76.55,81,100,1.07
118,San Juan,AR,2022-07-31 05:02:30,-31.5375,-68.5364,54.7,38,0,4.81
119,Castro,BR,2022-07-31 05:01:59,-24.7911,-50.0119,44.08,85,7,3.24
120,Quirinopolis,BR,2022-07-31 05:02:31,-18.4483,-50.4517,67.6,47,0,2.73
121,Narsaq,GL,2022-07-31 05:02:32,60.9167,-46.05,46.62,92,40,3.04
122,Lebu,CL,2022-07-31 05:02:32,-37.6167,-73.65,46.58,88,67,3.65
123,Hermanus,ZA,2022-07-31 05:02:32,-34.4187,19.2345,52.79,62,70,2.1
124,Ketchikan,US,2022-07-31 05:02:33,55.3422,-131.6461,62.15,94,100,1.12
125,Airai,TL,2022-07-31 05:02:33,-8.9266,125.4092,75.06,49,36,4.14
126,Grindavik,IS,2022-07-31 04:57:46,63.8424,-22.4338,49.95,87,75,6.91
127,Rayagada,IN,2022-07-31 05:02:34,19.1667,83.4167,89.69,62,100,1.86
128,Port Alfred,ZA,2022-07-31 05:02:34,-33.5906,26.891,54.12,71,12,20.47
129,Riyadh,SA,2022-07-31 05:00:01,24.6877,46.7219,93.09,46,72,8.97
130,Touros,BR,2022-07-31 05:00:59,-5.1989,-35.4608,75.94,85,99,11.16
131,Shebunino,RU,2022-07-31 05:02:35,46.4339,141.8603,72.66,74,58,10.04
132,Santa Isabel,BR,2022-07-31 05:02:35,-23.3156,-46.2214,45.95,97,17,0.96
133,Vardo,NO,2022-07-31 05:03:36,70.3705,31.1107,51.78,100,100,10.36
134,Mount Gambier,AU,2022-07-31 05:03:36,-37.8333,140.7667,55.31,76,75,17.27
135,Butaritari,KI,2022-07-31 05:00:24,3.0707,172.7902,81.63,70,89,17.11
136,College,US,2022-07-31 05:03:37,64.8569,-147.8028,70.2,60,100,10.36
137,Coquimbo,CL,2022-07-31 05:03:37,-29.9533,-71.3436,55.13,94,100,2.3
138,Dikson,RU,2022-07-31 05:02:12,73.5069,80.5464,41.11,92,82,11.25
139,Alice Springs,AU,2022-07-31 05:03:38,-23.7,133.8833,74.75,17,100,8.05
140,Ranau,MY,2022-07-31 05:03:38,5.9538,116.6641,81.36,78,86,0.67
141,Muana,BR,2022-07-31 05:03:39,-1.5283,-49.2167,74.57,94,100,3.49
142,Ulaangom,MN,2022-07-31 05:01:14,49.9811,92.0667,73.87,44,100,5.39
143,Sebinkarahisar,TR,2022-07-31 05:03:40,40.2883,38.4236,63.84,51,0,2.39
144,Muzhi,RU,2022-07-31 05:03:40,65.3667,64.6667,61.59,48,8,12.06
145,Hervey Bay,AU,2022-07-31 05:03:40,-25.2986,152.8535,68.02,66,99,3.0
146,Yellowknife,CA,2022-07-31 05:03:24,62.456,-114.3525,53.44,75,85,5.99
147,Rosignol,GY,2022-07-31 05:03:41,6.2833,-57.5333,74.44,89,75,3.02
148,Gdov,RU,2022-07-31 05:03:42,58.7406,27.8122,61.84,74,7,7.67
149,Hilo,US,2022-07-31 05:02:40,19.7297,-155.09,77.29,95,60,6.11
150,Roald,NO,2022-07-31 05:03:42,62.5833,6.1333,62.17,94,75,9.22
151,Tasiilaq,GL,2022-07-31 05:02:17,65.6145,-37.6368,35.76,59,20,6.6
152,Fernie,CA,2022-07-31 05:01:07,49.5,-115.0687,68.29,60,86,6.93
153,Krasne,UA,2022-07-31 05:03:43,49.9145,24.6134,64.15,93,100,2.66
154,Innisfail,AU,2022-07-31 05:03:43,-17.5333,146.0333,71.82,79,100,7.07
155,Karksi-Nuia,EE,2022-07-31 05:03:44,58.1033,25.5628,51.78,75,46,0.31
156,Chokurdakh,RU,2022-07-31 05:03:44,70.6333,147.9167,72.03,37,9,6.24
157,Rantepao,ID,2022-07-31 05:03:44,-2.9701,119.8978,70.57,97,100,2.55
158,Luderitz,NA,2022-07-31 05:02:38,-26.6481,15.1594,50.85,69,0,17.47
159,Bandarbeyla,SO,2022-07-31 05:03:45,9.4942,50.8122,80.89,61,64,27.81
160,Nadym,RU,2022-07-31 05:03:45,65.5333,72.5167,59.85,47,7,16.17
161,Hluti,SZ,2022-07-31 05:03:46,-27.2167,31.6167,56.21,92,57,1.48
162,Mar Del Plata,AR,2022-07-31 04:59:21,-38.0023,-57.5575,49.87,95,0,4.0
163,Saskylakh,RU,2022-07-31 05:01:51,71.9167,114.0833,51.89,93,100,11.01
164,Lambarene,GA,2022-07-31 05:03:47,-0.7001,10.2406,68.81,96,28,2.73
165,Port Hardy,CA,2022-07-31 05:01:09,50.6996,-127.4199,60.78,93,11,9.86
166,Kahului,US,2022-07-31 05:03:47,20.8947,-156.47,80.62,65,40,21.85
167,Ettlingen,DE,2022-07-31 05:03:48,48.9409,8.4076,66.72,61,100,3.38
168,Pevek,RU,2022-07-31 05:03:48,69.7008,170.3133,50.5,57,14,7.45
169,Aswan,EG,2022-07-31 04:59:47,24.0934,32.907,87.1,20,0,5.75
170,Khasan,RU,2022-07-31 05:03:49,42.4308,130.6434,76.5,87,99,8.48
171,Balkanabat,TM,2022-07-31 05:03:49,39.5108,54.3671,87.96,38,57,5.75
172,Kavieng,PG,2022-07-31 05:03:17,-2.5744,150.7967,84.81,64,78,10.18
173,Lappeenranta,FI,2022-07-31 05:01:48,61.0587,28.1887,56.55,82,0,4.61
174,Samarai,PG,2022-07-31 05:03:50,-10.6167,150.6667,80.89,79,9,11.18
175,Mogadishu,SO,2022-07-31 04:58:55,2.0371,45.3438,76.87,78,40,13.8
176,Yenagoa,NG,2022-07-31 05:03:51,4.9247,6.2642,72.1,96,100,3.94
177,Komsomolskiy,UZ,2022-07-31 05:03:51,40.4272,71.7189,84.92,30,84,4.61
178,Hambantota,LK,2022-07-31 05:04:51,6.1241,81.1185,84.54,84,20,10.36
179,Novikovo,RU,2022-07-31 05:04:52,51.1537,37.8879,69.93,56,84,7.11
180,Ust-Nera,RU,2022-07-31 05:04:52,64.5667,143.2,73.78,54,90,2.66
181,Bengkulu,ID,2022-07-31 05:02:28,-3.8004,102.2655,84.67,64,99,5.39
182,Saltpond,GH,2022-07-31 05:04:53,5.2091,-1.0606,72.75,88,100,8.43
183,Zhangye,CN,2022-07-31 05:04:53,38.9342,100.4517,89.49,23,71,1.01
184,Saldanha,ZA,2022-07-31 05:04:54,-33.0117,17.9442,50.63,77,7,10.47
185,Kulhudhuffushi,MV,2022-07-31 05:04:54,6.6221,73.07,80.64,81,100,19.37
186,Chuy,UY,2022-07-31 05:04:55,-33.6971,-53.4616,47.95,80,50,4.05
187,Avarua,CK,2022-07-31 05:04:55,-21.2078,-159.775,75.25,73,40,14.97
188,Bayir,TR,2022-07-31 05:04:55,37.2687,28.2167,68.52,32,0,4.59
189,Kinshasa,CD,2022-07-31 05:03:50,-4.3246,15.3215,69.64,77,18,6.85
190,Moussoro,TD,2022-07-31 05:04:56,13.6408,16.4901,77.94,73,81,9.84
191,Kiama,AU,2022-07-31 05:04:56,-34.6833,150.8667,62.58,55,100,5.01
192,Shubarkuduk,KZ,2022-07-31 05:04:57,49.1447,56.4872,77.49,44,8,5.08
193,Kangaatsiaq,GL,2022-07-31 05:04:57,68.3065,-53.4641,41.68,97,92,11.27
194,Tuatapere,NZ,2022-07-31 05:04:58,-46.1333,167.6833,44.62,86,77,8.46
195,Kalmanka,RU,2022-07-31 05:04:58,52.8992,83.5433,70.66,71,99,3.69
196,Gambat,PK,2022-07-31 05:04:59,27.3515,68.5205,87.89,55,100,8.61
197,Hamilton,US,2022-07-31 05:01:43,39.1834,-84.5333,69.24,86,0,4.61
198,Kruisfontein,ZA,2022-07-31 05:04:59,-34.0033,24.7314,49.62,79,90,14.79
199,Wanning,CN,2022-07-31 05:05:00,18.8003,110.3967,88.25,68,40,9.19
200,Linjiang,CN,2022-07-31 05:05:00,41.8069,126.9078,85.71,65,100,3.09
201,Adrar,MR,2022-07-31 05:02:22,20.5022,-10.0711,85.35,50,5,10.49
202,Lodja,CD,2022-07-31 05:05:01,-3.4833,23.4333,73.29,72,78,1.83
203,Galle,LK,2022-07-31 05:05:02,6.0367,80.217,81.9,77,88,10.76
204,Noyabrsk,RU,2022-07-31 05:05:02,63.1994,75.4507,60.82,50,9,21.16
205,Kudahuvadhoo,MV,2022-07-31 05:05:02,2.6708,72.8944,78.28,85,100,17.49
206,Upernavik,GL,2022-07-31 05:05:03,72.7868,-56.1549,45.72,77,100,5.06
207,Ballina,AU,2022-07-31 05:05:04,-28.8667,153.5667,65.01,71,100,6.58
208,Omboue,GA,2022-07-31 05:05:04,-1.5746,9.2618,71.87,88,48,5.03
209,Vila Praia De Ancora,PT,2022-07-31 05:05:04,41.811,-8.8526,68.72,71,0,5.75
210,Geraldton,AU,2022-07-31 05:05:05,-28.7667,114.6,64.81,55,0,12.66
211,Dicabisagan,PH,2022-07-31 05:05:05,17.0818,122.4157,86.92,73,99,6.04
212,Egvekinot,RU,2022-07-31 05:03:13,66.3167,-179.1667,52.36,50,100,2.59
213,Road Town,VG,2022-07-31 05:00:30,18.4167,-64.6167,82.08,85,9,22.12
214,Cayenne,GF,2022-07-31 05:00:06,4.9333,-52.3333,78.1,1,75,0.0
215,Myitkyina,MM,2022-07-31 05:02:51,25.3833,97.4,87.58,70,68,2.59
216,Hualmay,PE,2022-07-31 05:05:07,-11.0964,-77.6139,61.32,85,4,9.22
217,Salinopolis,BR,2022-07-31 05:05:07,-0.6136,-47.3561,78.48,86,92,9.24
218,Margate,GB,2022-07-31 05:05:07,51.3813,1.3862,65.88,87,77,1.99
219,Tigil,RU,2022-07-31 05:05:08,57.8,158.6667,64.51,51,89,11.18
220,Dingle,PH,2022-07-31 05:05:08,10.9995,122.6711,86.67,72,97,8.55
221,Kachug,RU,2022-07-31 05:05:09,53.9606,105.8817,62.8,93,100,9.35
222,Santa Cruz,BO,2022-07-31 05:00:35,-17.8,-63.1667,62.87,57,9,5.66
223,Southbridge,US,2022-07-31 05:06:09,42.0751,-72.0334,67.86,87,0,3.76
224,Ahipara,NZ,2022-07-31 05:06:10,-35.1667,173.1667,55.06,61,40,18.61
225,Santiago Del Estero,AR,2022-07-31 05:01:34,-27.7951,-64.2615,57.27,31,0,6.06
226,Lagos,NG,2022-07-31 05:04:25,6.5833,3.75,73.62,88,100,5.82
227,Saint-Andre-Avellin,CA,2022-07-31 05:04:23,45.7168,-75.066,61.97,87,0,3.27
228,Ilulissat,GL,2022-07-31 05:06:11,69.2167,-51.1,46.42,81,75,3.44
229,Pozo Colorado,PY,2022-07-31 05:06:11,-23.4923,-58.7972,51.57,40,0,4.94
230,Fortuna,US,2022-07-31 05:02:23,40.5982,-124.1573,60.93,90,100,4.61
231,Superior,US,2022-07-31 05:04:14,46.7208,-92.1041,75.49,75,40,6.91
232,Dinghai,CN,2022-07-31 05:06:12,26.2847,119.7936,83.43,78,7,11.59
233,Vestmanna,FO,2022-07-31 05:06:12,62.1564,-7.1664,49.12,87,75,19.57
234,Vostok,RU,2022-07-31 05:06:13,46.4856,135.8833,77.97,69,100,5.99
235,Tanout,NE,2022-07-31 05:06:13,14.9709,8.8879,76.32,64,100,10.56
236,Husavik,IS,2022-07-31 05:06:14,66.0449,-17.3389,44.11,90,100,15.95
237,Talas,TR,2022-07-31 05:06:14,38.6908,35.5538,65.07,48,0,2.3
238,Harper,LR,2022-07-31 05:06:14,4.375,-7.7169,74.93,81,99,5.28
239,Hibbing,US,2022-07-31 05:06:15,47.4272,-92.9377,71.2,78,40,3.44
240,Huambo,AO,2022-07-31 05:06:15,-12.7761,15.7392,51.13,71,0,0.72
241,Suyo,PH,2022-07-31 05:06:16,16.9762,120.5254,87.31,70,100,7.43
242,Port Blair,IN,2022-07-31 05:06:16,11.6667,92.75,84.63,76,100,14.2
243,Laguna,US,2022-07-31 05:06:16,38.421,-121.4238,79.45,70,0,12.66
244,Avera,US,2022-07-31 05:06:17,33.194,-82.5271,76.55,90,69,3.09
245,Shimoda,JP,2022-07-31 05:06:17,34.6667,138.95,93.11,70,0,13.51
246,Nsanje,MW,2022-07-31 05:06:18,-16.92,35.262,64.72,87,0,1.3
247,Ribeira Brava,PT,2022-07-31 05:06:18,32.65,-17.0667,70.72,84,10,5.41
248,Kodiak,US,2022-07-31 05:01:58,57.79,-152.4072,62.11,72,100,5.75
249,Alyangula,AU,2022-07-31 05:06:19,-13.8483,136.4192,77.36,65,24,5.26
250,Merauke,ID,2022-07-31 05:06:19,-8.4667,140.3333,81.03,77,77,18.32
251,Lavrentiya,RU,2022-07-31 05:06:20,65.5833,-171.0,45.63,79,88,6.73
252,Sitka,US,2022-07-31 05:06:20,57.0531,-135.33,58.89,94,100,3.44
253,Kholmogory,RU,2022-07-31 05:06:21,64.2229,41.656,62.96,76,4,3.89
254,Acapulco,MX,2022-07-31 05:05:16,16.8634,-99.8901,82.22,78,75,3.44
255,Lata,PT,2022-07-31 05:06:21,40.1629,-8.3327,69.31,52,0,3.51
256,Severo-Kurilsk,RU,2022-07-31 05:06:22,50.6789,156.125,56.1,85,27,10.02
257,Beringovskiy,RU,2022-07-31 05:06:22,63.05,179.3167,51.48,69,100,3.87
258,Suntar,RU,2022-07-31 05:06:22,62.1444,117.6319,80.87,43,95,5.68
259,Priargunsk,RU,2022-07-31 05:06:23,50.3691,119.1012,76.26,62,100,2.57
260,Nouadhibou,MR,2022-07-31 05:06:23,20.931,-17.0347,70.7,90,65,11.01
261,Fauske,NO,2022-07-31 05:06:24,67.2588,15.3918,64.78,65,0,6.35
262,Lasa,IT,2022-07-31 05:06:24,46.6166,10.7002,54.36,78,15,5.66
263,Watertown,US,2022-07-31 05:06:25,42.3709,-71.1828,71.35,72,0,5.01
264,Kariba,ZW,2022-07-31 05:06:25,-16.5167,28.8,55.4,48,0,4.12
265,Constitucion,CL,2022-07-31 05:06:25,-35.3333,-72.4167,50.07,91,61,5.01
266,Rawson,AR,2022-07-31 05:06:26,-43.3002,-65.1023,42.84,66,75,8.57
267,San Patricio,US,2022-07-31 05:06:26,28.017,-97.5169,85.89,73,71,13.33
268,Tommot,RU,2022-07-31 05:06:27,58.9564,126.2925,87.3,34,88,7.99
269,Taoudenni,ML,2022-07-31 05:07:27,22.6783,-3.9836,90.91,37,70,11.97
270,Ponta Do Sol,PT,2022-07-31 05:07:28,32.6667,-17.1,70.72,82,12,5.26
271,Bemidji,US,2022-07-31 05:07:28,47.4736,-94.8803,73.49,64,0,5.75
272,Washington,US,2022-07-31 05:07:18,47.5001,-120.5015,88.2,35,0,6.96
273,Worland,US,2022-07-31 05:07:29,44.0169,-107.9554,83.88,27,0,4.61
274,Maldonado,UY,2022-07-31 05:07:29,-34.6667,-54.9167,49.23,85,100,3.87
275,Sackville,CA,2022-07-31 05:07:29,45.9188,-64.3846,65.32,83,0,7.11
276,Kingisepp,RU,2022-07-31 05:07:30,59.3733,28.6134,59.9,75,18,5.14
277,Buxton,GB,2022-07-31 05:03:58,53.2574,-1.9098,61.5,94,100,9.73
278,Barra Patuca,HN,2022-07-31 05:07:30,15.8,-84.2833,80.22,83,85,10.58
279,Fukue,JP,2022-07-31 05:02:33,32.6881,128.8419,82.08,86,99,26.62
280,Kaduna,NG,2022-07-31 05:07:31,10.5222,7.4383,67.5,93,99,4.61
281,Half Moon Bay,US,2022-07-31 05:07:31,37.4636,-122.4286,65.91,90,100,10.36
282,Tual,ID,2022-07-31 05:07:32,-5.6667,132.75,79.21,86,67,19.57
283,Hami,CN,2022-07-31 05:07:32,42.8,93.45,95.16,16,94,10.45
284,Prabumulih,ID,2022-07-31 05:07:33,-3.45,104.25,83.95,70,100,3.18
285,Paamiut,GL,2022-07-31 05:03:15,61.994,-49.6678,42.76,93,83,9.01
286,Yar-Sale,RU,2022-07-31 05:07:33,66.8333,70.8333,58.96,51,45,11.01
287,Porbandar,IN,2022-07-31 05:02:56,21.6422,69.6093,83.05,74,94,16.22
288,North Bend,US,2022-07-31 05:07:34,43.4065,-124.2243,61.92,100,100,3.44
289,Wundanyi,KE,2022-07-31 05:07:34,-3.4019,38.364,60.1,71,59,7.07
290,Tiksi,RU,2022-07-31 05:07:35,71.6872,128.8694,53.89,69,100,5.59
291,Qaqortoq,GL,2022-07-31 05:07:35,60.7167,-46.0333,42.3,93,42,2.82
292,Ostrovnoy,RU,2022-07-31 05:02:46,68.0531,39.5131,63.32,74,63,9.71
293,Yumen,CN,2022-07-31 05:07:36,40.2833,97.2,91.17,15,71,14.27
294,Flinders,AU,2022-07-31 05:07:36,-34.5833,150.8552,62.38,55,100,8.01
295,Mount Isa,AU,2022-07-31 05:07:36,-20.7333,139.5,82.17,17,96,8.05
296,Orocue,CO,2022-07-31 05:07:37,4.7912,-71.3354,73.89,92,47,1.28
297,Ribeira Grande,PT,2022-07-31 05:07:37,38.5167,-28.7,73.33,73,23,3.18
298,Aksu,CN,2022-07-31 05:07:38,41.1231,80.2644,83.73,30,98,3.0
299,Waynesville,US,2022-07-31 05:07:38,35.4887,-82.9887,69.64,93,71,1.01
300,Nazarovo,RU,2022-07-31 05:07:38,56.0064,90.3914,76.28,59,39,6.42
301,Ibra,OM,2022-07-31 05:07:39,22.6906,58.5334,84.36,57,76,3.18
302,The Pas,CA,2022-07-31 05:07:39,53.8251,-101.2541,56.01,95,100,0.4
303,Porto Murtinho,BR,2022-07-31 05:07:40,-21.6989,-57.8825,59.72,38,0,3.44
304,Vaitape,PF,2022-07-31 05:07:40,-16.5167,-151.75,79.18,71,3,22.91
305,Kuusamo,FI,2022-07-31 05:07:40,65.9667,29.1833,53.64,100,100,6.91
306,San Pedro,PH,2022-07-31 05:07:41,14.35,121.0167,86.36,85,75,3.44
307,Tapes,BR,2022-07-31 05:05:00,-30.6733,-51.3958,50.27,84,26,5.01
308,Taltal,CL,2022-07-31 05:07:41,-25.4,-70.4833,57.09,78,53,3.42
309,Dolores,AR,2022-07-31 05:07:42,-36.3132,-57.6792,49.37,82,100,5.3
310,Teguldet,RU,2022-07-31 05:07:42,57.3064,88.1667,75.61,63,100,5.37
311,Cuamba,MZ,2022-07-31 05:07:43,-14.8031,36.5372,62.71,65,0,1.99
312,Bennington,US,2022-07-31 05:03:26,42.8781,-73.1968,64.62,87,0,4.61
313,Westport,US,2022-07-31 05:07:08,41.1415,-73.3579,73.74,80,0,3.0
314,Altay,CN,2022-07-31 05:05:11,47.8667,88.1167,80.87,31,76,8.43
315,Namibe,AO,2022-07-31 05:07:43,-15.1961,12.1522,58.41,89,12,4.94
316,Umm Lajj,SA,2022-07-31 05:08:44,25.0213,37.2685,87.13,56,27,8.55
317,Iskateley,RU,2022-07-31 05:08:44,67.6803,53.1512,62.92,40,86,11.05
318,Ati,TD,2022-07-31 05:08:45,13.2154,18.3353,78.4,69,88,7.45
319,Warwick,US,2022-07-31 05:08:45,41.7001,-71.4162,72.88,74,0,4.61
320,Ayolas,PY,2022-07-31 05:08:46,-27.4,-56.9,49.46,83,11,4.94
321,Sillamae,EE,2022-07-31 05:08:46,59.3997,27.7547,60.73,78,30,10.04
322,Abu Zabad,SD,2022-07-31 05:08:46,12.35,29.25,76.1,78,96,13.53
323,Oranjemund,NA,2022-07-31 05:08:47,-28.55,16.4333,49.32,75,6,10.22
324,Souillac,MU,2022-07-31 05:08:47,-20.5167,57.5167,71.98,78,75,13.8
325,Walvis Bay,NA,2022-07-31 05:08:48,-22.9575,14.5053,51.1,89,0,3.22
326,Ambilobe,MG,2022-07-31 05:08:48,-13.2,49.05,74.19,59,0,5.17
327,Manitowoc,US,2022-07-31 05:08:48,44.0667,-87.8001,66.42,84,0,8.05
328,Plonsk,PL,2022-07-31 05:08:49,52.6235,20.3755,59.04,96,100,15.41
329,Santarem,BR,2022-07-31 05:08:49,-2.4431,-54.7083,75.33,100,100,3.44
330,Buin,CL,2022-07-31 05:04:08,-33.7333,-70.75,53.74,87,15,3.51
331,Heihe,CN,2022-07-31 05:08:50,50.2441,127.4902,84.78,77,100,8.88
332,Tianpeng,CN,2022-07-31 05:08:50,30.9866,103.9393,86.99,61,67,5.26
333,Port Lincoln,AU,2022-07-31 05:08:51,-34.7333,135.8667,55.6,67,59,24.49
334,Beloha,MG,2022-07-31 05:08:51,-25.1667,45.05,68.95,68,5,2.19
335,Aklavik,CA,2022-07-31 05:08:52,68.2191,-135.0107,51.46,71,75,6.17
336,Georgetown,MY,2022-07-31 05:07:30,5.4112,100.3354,89.53,75,20,6.91
337,Rio Grande,BR,2022-07-31 05:07:40,-32.035,-52.0986,50.27,75,48,6.24
338,Znamenskoye,RU,2022-07-31 05:08:53,57.1281,73.8282,71.8,69,98,6.91
339,Bombay,IN,2022-07-31 05:08:53,19.0144,72.8479,85.98,79,40,10.36
340,Dunedin,NZ,2022-07-31 05:08:54,-45.8742,170.5036,43.81,84,100,10.0
341,Piacabucu,BR,2022-07-31 05:08:54,-10.4056,-36.4344,73.8,87,76,9.06
342,Tromso,NO,2022-07-31 05:08:54,69.6496,18.957,55.42,71,62,1.14
343,Oktyabrskoye,RU,2022-07-31 05:08:55,43.0645,44.7417,71.74,68,0,2.24
344,Monte Alegre,BR,2022-07-31 05:08:55,-2.0078,-54.0692,72.77,97,96,1.52
345,Kurchum,KZ,2022-07-31 05:08:56,48.5722,83.6542,80.44,33,60,5.14
346,Nemuro,JP,2022-07-31 05:08:56,43.3236,145.575,72.09,83,87,12.03
347,Havelock,US,2022-07-31 05:08:57,34.8791,-76.9013,82.35,94,99,2.66
348,Mehamn,NO,2022-07-31 05:08:57,71.0357,27.8492,51.75,100,100,6.91
349,Iqaluit,CA,2022-07-31 05:08:58,63.7506,-68.5145,38.93,100,100,3.44
350,Jamsa,FI,2022-07-31 05:08:58,61.8642,25.19,59.14,75,78,4.43
351,Cidreira,BR,2022-07-31 05:08:59,-30.1811,-50.2056,53.76,83,1,7.25
352,Qandala,SO,2022-07-31 05:08:59,11.472,49.8728,90.59,48,17,5.23
353,Casa Grande,US,2022-07-31 05:09:00,32.8795,-111.7573,81.27,78,0,5.75
354,Kantang,TH,2022-07-31 05:09:00,7.4054,99.5156,90.99,93,99,6.33
355,Khor,RU,2022-07-31 05:09:00,47.8861,134.9464,84.56,63,80,4.61
356,Presidencia Roque Saenz Pena,AR,2022-07-31 05:09:01,-26.7852,-60.4388,49.01,55,2,5.75
357,Lovozero,RU,2022-07-31 05:09:01,68.005,35.0117,60.15,84,75,12.44
358,Sabzevar,IR,2022-07-31 05:09:02,36.2126,57.6819,82.67,37,0,12.17
359,Sao Joao Da Barra,BR,2022-07-31 05:04:36,-21.6403,-41.0511,61.9,78,0,8.66
360,Broome,US,2022-07-31 05:09:02,42.2506,-75.833,63.36,83,0,0.78
361,Polunochnoye,RU,2022-07-31 05:09:03,60.8697,60.4153,60.19,98,100,7.27
362,Miles City,US,2022-07-31 05:06:37,46.4083,-105.8406,81.57,39,0,18.41
363,Marienburg,PL,2022-07-31 05:10:03,54.0359,19.0266,66.11,70,100,5.75
364,Ha Tinh,VN,2022-07-31 05:10:04,18.3333,105.9,94.5,51,88,5.93
365,Eldorado,BR,2022-07-31 05:10:04,-23.7869,-54.2836,47.08,68,4,3.13
366,Valparaiso,CL,2022-07-31 05:08:30,-33.0393,-71.6273,53.47,91,0,4.61
367,Payette,US,2022-07-31 05:10:05,44.0782,-116.9338,86.27,42,0,4.61
368,Ondangwa,NA,2022-07-31 05:10:05,-17.9167,15.95,51.55,43,3,4.63
369,Vizinga,RU,2022-07-31 05:10:06,61.0749,50.1031,72.41,52,56,2.35
370,Alberton,CA,2022-07-31 05:10:06,46.8168,-64.0654,64.99,79,3,16.26
371,Kieta,PG,2022-07-31 05:10:07,-6.2167,155.6333,84.06,71,15,7.81
372,Ojinaga,MX,2022-07-31 05:10:07,29.5667,-104.4167,91.42,37,75,17.27
373,Kaohsiung,TW,2022-07-31 05:10:07,22.6163,120.3133,91.49,67,75,12.66
374,Vila,PT,2022-07-31 05:10:08,42.0304,-8.1588,58.08,62,2,4.61
375,Dzaoudzi,YT,2022-07-31 05:10:08,-12.7887,45.2699,75.09,88,0,3.44
376,Traipu,BR,2022-07-31 05:10:09,-9.9706,-37.0033,69.64,97,82,4.54
377,Yerbogachen,RU,2022-07-31 05:10:09,61.2767,108.0108,78.26,49,52,2.37
378,Sabya,SA,2022-07-31 05:10:10,17.1495,42.6254,88.63,66,91,2.82
379,Kilgore,US,2022-07-31 05:10:10,32.3863,-94.8758,83.03,83,0,5.75
380,Shakiso,ET,2022-07-31 05:10:10,5.75,38.9167,59.65,88,100,2.84
381,Killybegs,IE,2022-07-31 05:10:11,54.6333,-8.45,56.79,84,98,8.48
382,Meulaboh,ID,2022-07-31 05:10:11,4.1363,96.1285,85.14,65,86,3.31
383,Banda Aceh,ID,2022-07-31 05:10:12,5.5577,95.3222,86.2,63,99,12.57
384,San Francisco,US,2022-07-31 05:06:38,37.7749,-122.4194,64.51,92,100,12.66
385,Zhigansk,RU,2022-07-31 05:10:12,66.7697,123.3711,76.3,51,66,16.87
386,Mackay,AU,2022-07-31 05:10:14,-21.15,149.2,71.69,75,100,14.79
387,Leningradskiy,RU,2022-07-31 05:10:15,69.3833,178.4167,49.28,67,62,12.48
388,Lanxi,CN,2022-07-31 05:10:15,29.2195,119.477,94.57,53,1,4.59
389,Mahibadhoo,MV,2022-07-31 05:10:16,3.7833,72.9667,78.31,87,100,20.29
390,Severnoye,RU,2022-07-31 05:10:16,56.3491,78.3619,74.39,64,10,8.39
391,Marsa Matruh,EG,2022-07-31 05:10:17,31.3525,27.2453,78.58,76,0,12.01
392,Olafsvik,IS,2022-07-31 05:10:17,64.8945,-23.7142,48.42,77,5,7.31
393,Areado,BR,2022-07-31 05:10:17,-21.3586,-46.1456,53.01,40,2,3.22
394,Corsicana,US,2022-07-31 05:10:18,32.0954,-96.4689,87.82,51,0,13.8
395,Ravar,IR,2022-07-31 05:10:18,31.2656,56.8055,87.42,28,1,7.27
396,Linhares,BR,2022-07-31 05:10:19,-19.3911,-40.0722,67.57,75,67,4.88
397,Uhlove,UA,2022-07-31 05:10:19,44.8215,33.6045,76.01,52,0,7.02
398,Ancud,CL,2022-07-31 05:10:20,-41.8697,-73.8203,41.23,88,100,3.78
399,Lazaro Cardenas,MX,2022-07-31 05:10:20,17.9583,-102.2,78.57,83,99,3.36
400,Asau,RO,2022-07-31 05:10:20,46.4333,26.4,65.32,96,100,2.46
401,Shakawe,BW,2022-07-31 05:10:21,-18.3667,21.85,52.54,32,0,4.54
402,Kaitangata,NZ,2022-07-31 05:10:21,-46.2817,169.8464,43.43,86,96,11.56
403,Fallon,US,2022-07-31 05:10:00,39.4735,-118.7774,90.45,19,1,1.99
404,Fairbanks,US,2022-07-31 05:10:22,64.8378,-147.7164,70.21,60,100,10.36
405,Richmond,US,2022-07-31 05:06:54,37.5538,-77.4603,74.14,90,20,3.44
406,Port Hedland,AU,2022-07-31 05:10:22,-20.3167,118.5667,78.85,38,12,14.97
407,Gornopravdinsk,RU,2022-07-31 05:10:23,60.05,69.9,72.54,65,96,9.22
408,Manisa,TR,2022-07-31 05:10:23,38.8333,28.1667,70.93,57,0,2.44
409,Samut Sakhon,TH,2022-07-31 05:10:24,13.5833,100.3,91.99,59,100,6.73
410,Voh,NC,2022-07-31 05:10:24,-20.9667,164.7,72.93,68,53,15.05
411,Batemans Bay,AU,2022-07-31 05:11:25,-35.7167,150.1833,60.64,54,100,8.01
412,Khandbari,NP,2022-07-31 05:11:25,27.3747,87.2039,73.0,96,100,0.6
413,Caucaia,BR,2022-07-31 05:11:25,-3.7361,-38.6531,76.95,85,40,3.44
414,Broken Hill,AU,2022-07-31 05:11:26,-31.95,141.4333,59.94,44,100,24.2
415,Lorengau,PG,2022-07-31 05:07:03,-2.0226,147.2712,85.28,64,80,11.21
416,Ciudad Valles,MX,2022-07-31 05:11:26,21.9833,-99.0167,72.03,93,19,3.02
417,Kaeo,NZ,2022-07-31 05:11:27,-35.1,173.7833,54.32,66,14,12.26
418,Fort Nelson,CA,2022-07-31 05:11:27,58.8053,-122.7002,58.62,79,100,2.51
419,Krasnoselkup,RU,2022-07-31 05:09:39,65.7,82.4667,57.9,53,3,22.86
420,Brae,GB,2022-07-31 05:11:28,60.3964,-1.353,52.5,85,40,11.59
421,Atbasar,KZ,2022-07-31 05:11:28,51.8,68.3333,71.4,56,85,10.54
422,Monroe,US,2022-07-31 05:11:29,43.1501,-77.6831,66.96,88,0,4.61
423,Manacapuru,BR,2022-07-31 05:11:29,-3.2997,-60.6206,74.89,83,60,4.68
424,Surgut,RU,2022-07-31 05:07:03,61.25,73.4167,64.58,59,40,15.99
425,Boralday,KZ,2022-07-31 05:11:30,43.3578,76.8594,76.86,41,75,6.71
426,Edd,ER,2022-07-31 05:11:30,13.9297,41.6925,91.65,45,100,8.21
427,Gizo,SB,2022-07-31 05:11:31,-8.103,156.8419,83.66,72,19,6.89
428,Inongo,CD,2022-07-31 05:11:31,-1.95,18.2667,68.83,73,23,5.75
429,Teahupoo,PF,2022-07-31 05:11:32,-17.8333,-149.2667,72.54,75,18,24.14
430,Amboasary,MG,2022-07-31 05:07:21,-25.0333,46.3833,69.82,67,8,4.12
431,Kharan,PK,2022-07-31 05:11:32,28.5833,65.4167,88.29,51,64,7.14
432,Buncrana,IE,2022-07-31 05:11:32,55.1333,-7.45,53.94,88,91,6.53
433,Sinegorsk,RU,2022-07-31 05:11:33,47.1667,142.5,62.94,92,99,8.5
434,Santiago,CL,2022-07-31 05:11:33,-33.4569,-70.6483,52.86,78,100,1.14
435,Malanje,AO,2022-07-31 05:11:34,-9.5402,16.341,57.2,91,0,4.5
436,Kulevcha,UA,2022-07-31 05:11:34,46.0303,29.9361,79.21,46,3,11.72
437,Saint-Georges,GD,2022-07-31 05:11:35,12.0564,-61.7485,79.93,84,42,17.27
438,Culpeper,US,2022-07-31 05:11:35,38.5004,-77.9664,70.9,94,0,0.0
439,Herat,AF,2022-07-31 05:11:36,34.5,62.0,82.63,31,0,27.78
440,Poum,NC,2022-07-31 05:11:36,-20.2333,164.0167,72.43,73,60,19.89
441,Victoria,HK,2022-07-31 05:11:05,22.2855,114.1577,94.96,66,15,5.99
442,Atar,MR,2022-07-31 05:11:37,20.5169,-13.0499,82.13,62,74,4.74
443,Nicoya,CR,2022-07-31 05:11:37,10.1483,-85.452,74.75,90,100,4.59
444,Faya,SA,2022-07-31 05:11:37,18.3851,42.4509,73.92,44,43,4.25
445,Atasu,KZ,2022-07-31 05:11:38,48.6814,71.6433,67.89,62,91,10.58
446,Yorosso,ML,2022-07-31 05:11:38,12.3536,-4.7761,73.08,80,64,3.89
447,Boa Vista,BR,2022-07-31 05:11:39,2.8197,-60.6733,76.98,83,40,1.14
448,Koslan,RU,2022-07-31 05:11:39,63.4564,48.8989,72.21,56,82,0.78
449,Kloulklubed,PW,2022-07-31 05:11:40,7.0419,134.2556,83.55,76,83,10.49
450,Magnolia,US,2022-07-31 05:11:40,33.2671,-93.2393,71.29,94,100,3.0
451,Hofn,IS,2022-07-31 05:11:41,64.2539,-15.2082,50.22,57,88,10.22
452,Aksarka,RU,2022-07-31 05:11:41,66.5606,67.7975,59.4,49,38,10.47
453,Betioky,MG,2022-07-31 05:11:41,-23.7167,44.3833,67.71,70,26,3.06
454,Hargeysa,SO,2022-07-31 05:11:42,9.56,44.065,73.22,49,22,29.62
455,Kosa,RU,2022-07-31 05:11:42,59.9445,54.9977,72.43,55,33,0.87
456,Maihar,IN,2022-07-31 05:11:43,24.2667,80.75,87.55,62,98,9.57
457,Bonavista,CA,2022-07-31 05:11:04,48.6499,-53.1147,60.89,85,100,16.11
458,Bodaybo,RU,2022-07-31 05:12:43,57.8506,114.1933,70.12,80,89,2.3
459,Port Shepstone,ZA,2022-07-31 05:12:44,-30.7414,30.455,58.89,82,100,17.07
460,Alta Floresta,BR,2022-07-31 05:12:44,-9.8756,-56.0861,67.55,46,1,1.97
461,Greymouth,NZ,2022-07-31 05:12:45,-42.4667,171.2,46.6,71,55,2.46
462,Pangnirtung,CA,2022-07-31 05:12:45,66.1451,-65.7125,51.51,93,100,2.93
463,Sabha,LY,2022-07-31 05:10:22,27.0377,14.4283,79.79,27,59,8.86
464,Malia,GR,2022-07-31 05:12:46,35.2833,25.4667,83.82,44,0,6.85
465,Seymchan,RU,2022-07-31 05:12:47,62.8833,152.4333,73.06,33,7,12.48
466,Leo,BF,2022-07-31 05:12:47,11.1,-2.1,73.67,86,67,5.61
467,Raudeberg,NO,2022-07-31 05:12:47,61.9875,5.1352,51.96,92,100,11.65
468,Vung Tau,VN,2022-07-31 05:12:48,10.346,107.0843,85.96,70,100,6.96
469,Dezhou,CN,2022-07-31 05:12:50,37.4486,116.2925,90.68,56,18,4.81
470,Caravelas,BR,2022-07-31 05:12:50,-17.7125,-39.2481,70.83,93,36,6.33
471,Cienfuegos,CU,2022-07-31 05:12:50,22.1461,-80.4356,77.09,86,16,8.79
472,Kokopo,PG,2022-07-31 05:12:51,-4.352,152.2633,85.8,61,53,15.57
473,Anadyr,RU,2022-07-31 05:12:51,64.75,177.4833,60.49,51,100,3.4
474,San Luis,AR,2022-07-31 05:12:52,-33.295,-66.3356,52.21,37,90,6.8
475,Skjervoy,NO,2022-07-31 05:12:52,70.0311,20.9714,53.6,70,79,8.28
476,Benguela,AO,2022-07-31 05:12:53,-12.5763,13.4055,65.25,87,43,1.99
477,Rocha,UY,2022-07-31 05:12:22,-34.4833,-54.3333,47.23,85,100,3.6
478,Bambanglipuro,ID,2022-07-31 05:12:53,-7.95,110.2833,82.18,70,92,11.59
479,Buhovo,BG,2022-07-31 05:12:54,42.7667,23.5667,65.55,94,100,4.61
480,Severo-Yeniseyskiy,RU,2022-07-31 05:12:54,60.3725,93.0408,78.35,48,19,6.71
481,Ormara,PK,2022-07-31 05:12:55,25.2088,64.6357,82.63,81,100,13.44
482,Tanete,ID,2022-07-31 05:12:55,-3.9443,119.7848,75.11,96,100,8.41
483,Troitsko-Pechorsk,RU,2022-07-31 05:12:56,62.7084,56.1964,63.9,95,100,7.14
484,Majene,ID,2022-07-31 05:12:56,-3.5403,118.9707,81.68,76,100,10.29
485,Tikamgarh,IN,2022-07-31 05:12:57,24.745,78.8333,86.68,62,82,12.97
486,Jagraon,IN,2022-07-31 05:12:57,30.7833,75.4833,83.21,97,100,6.35
487,Saint-Joseph,RE,2022-07-31 05:12:58,-21.3667,55.6167,73.2,69,33,11.14
488,Ploemeur,FR,2022-07-31 05:12:58,47.7333,-3.4333,62.82,88,100,2.3
489,Sorland,NO,2022-07-31 05:12:58,67.667,12.6934,58.86,82,43,11.07
490,Lagoa,PT,2022-07-31 05:12:59,39.05,-27.9833,72.03,72,0,4.45
491,Alto Araguaia,BR,2022-07-31 05:12:59,-17.3147,-53.2153,61.72,56,2,3.67
492,Sinazongwe,ZM,2022-07-31 05:13:00,-17.2614,27.4618,58.55,42,0,2.15
493,Marzuq,YE,2022-07-31 05:13:00,14.4,46.4667,78.39,54,98,7.67
494,Yeniseysk,RU,2022-07-31 05:13:00,58.4497,92.1703,80.24,58,17,5.82
495,Nyurba,RU,2022-07-31 05:13:01,63.2842,118.3319,80.06,44,46,4.21
496,Uyuni,BO,2022-07-31 05:13:01,-20.4597,-66.825,39.94,22,1,8.55
497,Pochutla,MX,2022-07-31 05:13:02,15.7432,-96.4661,75.81,89,82,4.41
498,Talnakh,RU,2022-07-31 05:13:02,69.4865,88.3972,51.21,78,97,18.77
499,Cape Canaveral,US,2022-07-31 05:13:02,28.4058,-80.6048,83.07,80,0,5.75
500,Ambon,ID,2022-07-31 05:13:03,-3.6954,128.1814,75.34,100,75,10.36
501,Bathsheba,BB,2022-07-31 05:13:03,13.2167,-59.5167,83.01,94,40,20.71
502,Zhuhai,CN,2022-07-31 05:14:04,22.2769,113.5678,98.85,74,20,11.5
503,Torrijos,ES,2022-07-31 05:14:04,39.9819,-4.2835,71.44,64,0,8.55
504,Nanchang,CN,2022-07-31 05:14:05,28.6833,115.8833,96.22,44,6,2.75
505,Mahabad,IR,2022-07-31 05:14:05,36.7631,45.7222,81.73,45,18,6.69
506,Manaure,CO,2022-07-31 05:14:06,11.7751,-72.4445,80.04,77,0,17.13
507,Hobyo,SO,2022-07-31 05:14:06,5.3505,48.5268,78.01,74,63,22.5
508,Menongue,AO,2022-07-31 05:14:07,-14.6585,17.691,47.82,45,0,3.8
509,Koping,SE,2022-07-31 05:14:07,59.514,15.9926,61.02,66,70,3.11
510,Berlevag,NO,2022-07-31 05:14:07,70.8578,29.0864,53.4,93,100,9.22
511,Inuvik,CA,2022-07-31 05:14:08,68.3499,-133.7218,53.55,61,96,5.82
512,Poronaysk,RU,2022-07-31 05:09:11,49.2167,143.1167,60.87,79,94,8.93
513,Moose Factory,CA,2022-07-31 05:14:09,51.2585,-80.6094,57.18,88,100,8.05
514,Reynoldsburg,US,2022-07-31 05:14:09,39.9548,-82.8121,67.82,89,75,3.44
515,Bonfim,BR,2022-07-31 05:14:09,3.0833,-59.95,72.77,92,100,1.54
516,Carandai,BR,2022-07-31 05:14:10,-20.9536,-43.8064,48.79,95,4,3.31
517,Henderson,US,2022-07-31 05:14:10,36.0397,-114.9819,91.83,44,0,10.36
518,Sechura,PE,2022-07-31 05:14:11,-5.5569,-80.8222,62.73,82,2,9.82
519,Necochea,AR,2022-07-31 05:14:11,-38.5473,-58.7368,49.35,79,100,5.88
520,Zhanaozen,KZ,2022-07-31 05:14:12,43.3,52.8,85.12,39,97,9.82
521,Belmonte,BR,2022-07-31 05:14:12,-15.8631,-38.8828,74.62,85,41,6.98
522,Port Alberni,CA,2022-07-31 05:14:13,49.2413,-124.8028,76.86,71,0,2.17
523,San Cristobal,VE,2022-07-31 05:14:13,7.7669,-72.225,73.58,99,50,3.29
524,Kondopoga,RU,2022-07-31 05:14:13,62.2057,34.2614,56.7,83,100,7.78
525,Jos,NG,2022-07-31 05:14:14,9.9167,8.9,62.87,91,100,4.63
526,Kawalu,ID,2022-07-31 05:14:15,-7.3817,108.2082,85.64,53,57,4.45
527,Yulara,AU,2022-07-31 05:12:28,-25.2406,130.9889,69.55,27,6,10.13
528,Victor Harbor,AU,2022-07-31 05:14:16,-35.5667,138.6167,55.99,76,37,1.99
529,Mikhaylovskoye,RU,2022-07-31 05:14:16,51.8239,79.7172,79.54,44,42,5.03
530,Atambua,ID,2022-07-31 05:14:17,-9.1061,124.8925,83.32,56,31,2.35
531,Bafq,IR,2022-07-31 05:14:17,31.6128,55.4107,88.61,29,12,10.16
532,Moron,AR,2022-07-31 05:14:17,-34.6534,-58.6198,57.96,83,94,4.29
533,Poya,NC,2022-07-31 05:14:18,-21.35,165.15,69.91,76,81,14.5
534,Hongjiang,CN,2022-07-31 05:14:18,27.11,109.9956,94.21,47,65,1.48
535,Kayerkan,RU,2022-07-31 05:14:19,69.3497,87.7602,50.52,87,100,22.48
536,Cacador,BR,2022-07-31 05:14:19,-26.7753,-51.015,42.15,82,8,3.18
537,Roma,US,2022-07-31 05:12:29,43.2128,-75.4557,61.66,93,0,4.61
538,Jerantut,MY,2022-07-31 05:14:20,3.936,102.3626,91.42,52,80,2.42
539,Constancia,MX,2022-07-31 05:14:20,24.2231,-107.1869,81.52,74,23,2.21
540,Lusambo,CD,2022-07-31 05:14:21,-4.9667,23.45,72.46,63,87,1.9
541,Pundaguitan,PH,2022-07-31 05:14:21,6.3711,126.1689,78.98,80,100,5.86
542,Medea,DZ,2022-07-31 05:14:21,36.2642,2.7539,76.33,37,65,3.42
543,Sendhwa,IN,2022-07-31 05:14:22,21.6833,75.1,82.89,70,70,7.81
544,Great Yarmouth,GB,2022-07-31 05:14:22,52.6083,1.7305,66.45,92,100,10.98
545,Lokosovo,RU,2022-07-31 05:14:23,61.1333,74.8167,66.34,55,100,14.74
546,Bereda,ES,2022-07-31 05:14:23,43.2686,-7.5406,62.15,100,65,6.38
547,Purwodadi,ID,2022-07-31 05:14:23,-7.0868,110.9158,89.91,46,66,2.42
548,Palmer,US,2022-07-31 05:11:04,42.1584,-72.3287,69.17,83,0,0.0
549,Marovoay,MG,2022-07-31 05:15:24,-16.1,46.6333,73.0,56,0,9.26
550,Korla,CN,2022-07-31 05:15:25,41.7597,86.1469,89.15,21,82,10.4
551,Mareeba,AU,2022-07-31 05:15:25,-17.0,145.4333,74.12,71,85,6.69
552,Clinton,US,2022-07-31 05:15:25,42.587,-82.9199,72.9,81,0,5.75
553,Toropets,RU,2022-07-31 05:15:26,56.4978,31.6353,59.31,64,57,2.13
554,Lompoc,US,2022-07-31 05:15:26,34.6391,-120.4579,68.14,95,0,4.61
555,Khani,GE,2022-07-31 05:15:27,41.9563,42.9566,69.37,64,20,2.8
556,Alugan,PH,2022-07-31 05:15:27,12.2188,125.4808,84.33,74,100,11.45
557,Mugur-Aksy,RU,2022-07-31 05:15:27,50.35,90.5,66.31,42,100,4.65
558,Codrington,AU,2022-07-31 05:15:28,-38.2667,141.9667,52.57,80,100,21.97
559,Maun,BW,2022-07-31 05:15:28,-19.9833,23.4167,51.76,54,0,4.61
560,Bay Roberts,CA,2022-07-31 05:15:29,47.5999,-53.2648,65.14,97,100,5.01
561,Abnub,EG,2022-07-31 05:15:29,27.2696,31.1511,83.86,27,2,6.15
562,Providencia,MX,2022-07-31 05:15:30,28.7167,-111.5833,86.2,54,24,11.5
563,Ixtapa,MX,2022-07-31 05:15:30,20.7,-105.2,75.22,100,100,5.75
564,Kavaratti,IN,2022-07-31 05:15:31,10.5669,72.642,81.37,82,100,20.94
565,Alofi,NU,2022-07-31 05:15:31,-19.0595,-169.9187,76.89,88,8,8.05
566,Ramgarh,IN,2022-07-31 05:15:32,23.6333,85.5167,87.85,48,90,7.18
567,Agua Preta,BR,2022-07-31 05:15:32,-8.7075,-35.5306,70.9,97,99,2.48
568,Thunder Bay,CA,2022-07-31 05:15:32,48.4001,-89.3168,62.58,82,40,2.3
569,De Aar,ZA,2022-07-31 05:15:33,-30.6497,24.0123,38.08,71,5,7.27
570,Svetlyy,RU,2022-07-31 05:15:33,54.675,20.1347,63.97,72,100,9.13
571,Puerto Rico,AR,2022-07-31 05:15:34,-26.796,-55.024,46.49,85,14,1.9
572,Ayan,RU,2022-07-31 05:15:34,56.45,138.1667,59.29,90,76,11.77
573,El Alto,PE,2022-07-31 05:15:34,-4.2714,-81.2147,62.01,85,31,13.94
574,Tangshan,CN,2022-07-31 05:11:14,39.6333,118.1833,91.8,49,15,3.51
575,Dalvik,IS,2022-07-31 05:15:35,65.9702,-18.5286,51.73,95,100,8.03
576,Christchurch,NZ,2022-07-31 05:15:03,-43.5333,172.6333,50.2,50,75,9.22
577,Baghdad,IQ,2022-07-31 05:14:08,33.3406,44.4009,98.51,19,23,3.44
578,Tiznit,MA,2022-07-31 05:15:36,29.5833,-9.5,81.27,27,0,3.51
579,Camacha,PT,2022-07-31 05:15:36,33.0833,-16.3333,67.42,78,40,8.05
580,Ban Nahin,LA,2022-07-31 05:15:37,18.2418,104.2122,83.41,78,100,2.19
581,Erzin,TR,2022-07-31 05:15:37,36.9559,36.2,79.97,66,2,2.57
582,Haines Junction,CA,2022-07-31 05:15:13,60.7522,-137.5108,60.75,59,40,9.22
583,Yantal,RU,2022-07-31 05:15:38,56.8471,105.2542,61.79,98,100,5.91
